id,name,detail_url,updated_at
716,"""艺术探索""","""https://navi.cnki.net/knavi/detail?p=mK1ZVKSnEbR5oiazvb45UQ0EfAnkttoYy0tA1g5fQ9e7_Eu85Y-CLGtwf5umxLHpRO1WUePGJIMtuymYXIvV6WO40B3euqwOfqUXs8jYth07e3G9Zpv_Qg==&uniplatform=NZKPT&language=CHS""",2026-03-24 15:22:36
720,"""编辑学刊""","""https://navi.cnki.net/knavi/detail?p=mK1ZVKSnEbS_FeipmnJ66Yh0uukJqK9BuMhd6WENP39xoiW3EnGW4DKkFYpegBra0x_QNOGy--d2s7TcUWpFDAIGERqr_o3AETmzesjbiZMW-NGtrmol5Q==&uniplatform=NZKPT&language=CHS""",2026-03-24 15:22:14
718,"""戏剧艺术""","""https://navi.cnki.net/knavi/detail?p=mK1ZVKSnEbSsX5DarwSDutVxu7SNChwCoP_bBkTpFWKFI8vhRnQr509YvcWcwTVEbeHGVKyRBjrJfkCMNGkDRTlHNOwuvC7_4_oO3b6nzWzAcaWZAe7tDg==&uniplatform=NZKPT&language=CHS""",2026-03-24 15:20:17
690,"""历史教学问题""","""https://navi.cnki.net/knavi/detail?p=mK1ZVKSnEbTZoSZrf0GUIRvbFCOxcVKvdqvabWxBrNMQBv4w_eXtRpuPOaR5E-n8A3Xv_wxlpPVJosjJO0UZeC4HLO6W07QtsHGhg6ltdYqapakXBXF7aA==&uniplatform=NZKPT&language=CHS""",2026-03-24 15:18:05
701,"""财经法学""","""https://navi.cnki.net/knavi/detail?p=mK1ZVKSnEbTDctkgQyGAeOBhInLFZ-HgI-OhU_NVbEbZ6EBStlb3MHLCPqHv1ROHeUP9gx31J7397Q2buU2lQzO5aHfbtadRd286KRJ5iUyPmErHFQsiQw==&uniplatform=NZKPT&language=CHS""",2026-03-24 15:17:24
667,"""四川轻化工大学学报(社会科学版)""","""https://navi.cnki.net/knavi/detail?p=mK1ZVKSnEbSQsMSBQPQFOxQd7Zn_DITM2RGrH0Ub7lH9-Mh-WVS05s3mkzc65T5tOCn96EQmMxTAOML2iO8FXxbKcgrR_5XvKgFmUQFKiUjfxw4vFhnQrw==&uniplatform=NZKPT&language=CHS""",2026-03-24 15:15:54
671,"""国际观察""","""https://navi.cnki.net/knavi/detail?p=mK1ZVKSnEbT2fvAx5f6BQR66I7jM8xvhKAvK5fVUIZbmP0kIMx4oH_ulLEgjqTb658K0ukUZpj6t2oXSWcu6f-onr1s4Sf_VO8qEa2Hnh4meI3lJnZm5uA==&uniplatform=NZKPT&language=CHS""",2026-03-24 15:13:35
665,"""天津行政学院学报""","""https://navi.cnki.net/knavi/detail?p=mK1ZVKSnEbS9yE76v7idZbOxFE20h7UTsw7WbPMjxu11bktNDySJ_oXxU7CxuwtX9fKp_x4iKX0t4jAKTjLG0OQV2dGAOVovooeVX3YYgLys8XYmXV9rdw==&uniplatform=NZKPT&language=CHS""",2026-03-24 15:12:48
668,"""宗教学研究""","""https://navi.cnki.net/knavi/detail?p=mK1ZVKSnEbS7jAakCU63p7ch8ZCHjc8NICxv8Y8NLbeK7vQJeLb-HXZ1pv4T-wTGdH2PKt9NCymU2WVbDPnCDahl4x5ddeCEQeWWlMxbkQstdiW-f8LAKg==&uniplatform=NZKPT&language=CHS""",2026-03-24 15:11:23
683,"""中国哲学史""","""https://navi.cnki.net/knavi/detail?p=mK1ZVKSnEbTevhLh3QxxGveF6tWKdsnt5MPFTtUqFvkNspyJm89oKO8mLv0DtT3aKmBgRXWYKhLF8U6mRGyZmCsqMwMazlTGC6QwswGDuJ2Td0-CnOi4Og==&uniplatform=NZKPT&language=CHS""",2026-03-24 15:10:39
685,"""新美术""","""https://navi.cnki.net/knavi/detail?p=mK1ZVKSnEbRNzlwRZbB32uSgiT8Zp5cD9_cmyx6zWPrKoMJSU41fb7PV_xOafiAi6Qxk-OJgaRficL0kApRMWTMcG6ihemgNhNlKvK8WsLXJ8Fjqn-JgXA==&uniplatform=NZKPT&language=CHS""",2026-03-24 15:08:57
676,"""文艺评论""","""https://navi.cnki.net/knavi/detail?p=mK1ZVKSnEbSGGzhg4Kv904uBCzutGbqj0qaU06JFfSyzb4izGEGRmk8yl3q7LFCxLIVC7Bz-re-A6VeAI54fA-cIbw9rC4oFmNLWGja565P8V56DZRdw0w==&uniplatform=NZKPT&language=CHS""",2026-03-24 15:08:20
648,"""南京财经大学学报""","""https://navi.cnki.net/knavi/detail?p=mK1ZVKSnEbSI4_U7tGDxzls1n9K4JsJpHCuOI71eiKUdCYKgEIhp_dCes5ZmeG2bqAtnSPabDEuCmsCrZ0vpSMHvlVW0tLhzOsz0ruiIonQalc0MsvUn0w==&uniplatform=NZKPT&language=CHS""",2026-03-24 15:01:16
645,"""中国国家博物馆馆刊""","""https://navi.cnki.net/knavi/detail?p=mK1ZVKSnEbTS9_wLQPe_dyeazmmu7jNDpRBzVMt-frahNxV4qEVv8zBMY9J_a4qGjWRmMQ7u5KbGbJmIIDGaxcjrBuZKIwBmv7TvcVvXhmrsi3a0Hx68cQ==&uniplatform=NZKPT&language=CHS""",2026-03-24 15:00:01
644,"""安徽史学""","""https://navi.cnki.net/knavi/detail?p=mK1ZVKSnEbTZoSZrf0GUIRvbFCOxcVKvdqvabWxBrNMQBv4w_eXtRpuPOaR5E-n8A3Xv_wxlpPUwxsumFuqNeTIKNxhx6XiGdOEGA7u0EbMMXV3lb0Q-Sg==&uniplatform=NZKPT&language=CHS""",2026-03-24 14:59:02
626,"""扬州大学学报(人文社会科学版)""","""https://navi.cnki.net/knavi/detail?p=mK1ZVKSnEbQVov2e4DGyBdk_LE8DWK3gHL4jPwxSn1MF-rYp1hAwhx5hPdKcGC4TQcs8qz4t0WgZxZX9fzrC3lir9DQeE2eZqv-8aX9ludBEoEa6iNiTtA==&uniplatform=NZKPT&language=CHS""",2026-03-24 14:55:13
639,"""党建""","""https://navi.cnki.net/knavi/detail?p=mK1ZVKSnEbTVRM96n1cnNI8UCw_uzkvZ71LHZvcLFIe9Y8vUWy_qUrKsHdL3dg2h4euIkfzrHWt4fv5zmpIMJ8xBGBKrPkFHoDI_oAy5gM0i-M4bJPtIAw==&uniplatform=NZKPT&language=CHS""",2026-03-24 14:54:37
669,"""青海民族研究""","""https://navi.cnki.net/knavi/detail?p=mK1ZVKSnEbQlCb1NWYby5Zf7gEfdIHEDkWZRvOKRkLC19KD5fNv-4oWfbkuTWfEWX-vsU0o-hGbfN-x-1Hf1_XHJWcyCV_VGQ6Np7UuL5C0HQovDG5_dVA==&uniplatform=NZKPT&language=CHS""",2026-03-24 14:50:49
642,"""烟台大学学报(哲学社会科学版)""","""https://navi.cnki.net/knavi/detail?p=mK1ZVKSnEbTIDSAqMMNMUoIsJY46KdHIFXDjesoOB_mBQ6-M9dQ_SVIXJsE-8pu8FcJdoLYMQV27HD2SW8U-adCFqUFF1s1ypv8Y_bDttFp1y3IqGrpFCw==&uniplatform=NZKPT&language=CHS""",2026-03-24 14:48:41
620,"""传媒观察""","""https://navi.cnki.net/knavi/detail?p=mK1ZVKSnEbSIb47Jc2F5eA7XGO6lVox6StcJFVPVS5onfVfjCZ20UeWm9RubZSPHDiMPz3DT_oVSk7JNQCxMBYUINX_7sEWS1XiSpKEFScA8PTwR21OWGw==&uniplatform=NZKPT&language=CHS""",2026-03-24 14:46:24
564,"""北京交通大学学报(社会科学版)""","""https://navi.cnki.net/knavi/detail?p=mK1ZVKSnEbSOz6-m3tCn2B3vS3NBokwntSBm3KQTARBMGf5xKqEJ3NG-PF7zmtJ6pvjp6jywvE0iwLoP_emzUhd4Gapv4W1bZvYHOF48XvSDaRHjmoU0yw==&uniplatform=NZKPT&language=CHS""",2026-03-24 14:45:45
598,"""中国编辑""","""https://navi.cnki.net/knavi/detail?p=mK1ZVKSnEbRq5ujAfuNhMO1SyJO0QsaQVjkLRq4-CuioqtnP92C6b07-Bk3ccIKmBqaWnYmbrgaF7ow2gPYfLrRHhQ4gwoPchcP85wOAEb9UGV9p4q3ZSw==&uniplatform=NZKPT&language=CHS""",2026-03-24 14:41:05
297,"""东方法学""","""https://navi.cnki.net/knavi/detail?p=mK1ZVKSnEbRoBaGQPnGg19VWCsmbLOs79bZ1CiKeB6hSw3V--ayuCFwGdXgQ6N12GjP8HTYz4FXMw0woibsoYEKbpqJSSIWEhigouUUbUGQFbtAwxTpR0Q==&uniplatform=NZKPT&language=CHS""",2026-03-24 13:05:46
418,"""人口与发展""","""https://navi.cnki.net/knavi/detail?p=mK1ZVKSnEbSOz6-m3tCn2B3vS3NBokwntSBm3KQTARBMGf5xKqEJ3NG-PF7zmtJ6pvjp6jywvE3wgegaSRZTQSWMreMp0zVGbdlOzScTZo-rYrlV6EMk7A==&uniplatform=NZKPT&language=CHS""",2026-03-24 13:05:46
420,"""文学遗产""","""https://navi.cnki.net/knavi/detail?p=mK1ZVKSnEbTzj-ul16sKosLEI6q7AsmwZLGAb1glHHnhrbICollCOY8_p4NshaMbaZah4Tp34xJR8fGcRs1eWpReyFnXNgXwPOG69jGy4TnFNjYEV89gkw==&uniplatform=NZKPT&language=CHS""",2026-03-24 13:05:46
376,"""国际贸易""","""https://navi.cnki.net/knavi/detail?p=mK1ZVKSnEbRnuHd9AKODIDPT1J-lyI4vwMYJrERqM1-jLk2Yq9yjsedXgBmoU9Q7ntcL9adxCs066VRDC1nLRwYHcNmXZUjlhPrMouaURlfkOiM36PXYYw==&uniplatform=NZKPT&language=CHS""",2026-03-24 13:05:10
413,"""中国人民公安大学学报(社会科学版)""","""https://navi.cnki.net/knavi/detail?p=mK1ZVKSnEbSGbVWAJBZvp8QlZ9sf8lOJuma5JfB4m9PQox4vgUu32w2sZvcuoTafemy0OlFxFNXotycFlrIT5BdY22C8NK02bhPpg3kWBHdNoHL2p9wsFQ==&uniplatform=NZKPT&language=CHS""",2026-03-24 13:03:35
411,"""中央民族大学学报(哲学社会科学版)""","""https://navi.cnki.net/knavi/detail?p=mK1ZVKSnEbQFarNYAqXAk17Vnu-gJiN7K18zpfQhDlC4D99qO9gpJ5cYCp1jDV__P8DIzpBOyFh_HtllHTgZkQqP3AQqboY6CFWXnKDoylAvHt3QBFyyUQ==&uniplatform=NZKPT&language=CHS""",2026-03-24 13:03:35
412,"""出版广角""","""https://navi.cnki.net/knavi/detail?p=mK1ZVKSnEbQ62WZC03p6JHiI9VeMG2occBUPxguOrI4zdA8b7TXiBH2xzADC7Ji72XTrWo7P34H5atH4K4sCHOcKqHo_LVD0_w0F3PyFN0OztljXhDROKQ==&uniplatform=NZKPT&language=CHS""",2026-03-24 13:03:35
321,"""社会主义研究""","""https://navi.cnki.net/knavi/detail?p=mK1ZVKSnEbR45k0qGK3Wv3dZeHcRc33jOVEj3WTXUWTiQRnmTZb7XleFFHJVcbcjlXFjMyHq56lLf2GlPwLjf4N_4xdSAleRh9OO6rNGquRDeDOpjN48iQ==&uniplatform=NZKPT&language=CHS""",2026-03-24 13:03:19
406,"""图书馆理论与实践""","""https://navi.cnki.net/knavi/detail?p=mK1ZVKSnEbS9yE76v7idZbOxFE20h7UTsw7WbPMjxu11bktNDySJ_oXxU7CxuwtX9fKp_x4iKX1MVhElgbjkysH7n_TJmXBbvqIoQ21Zt4tMW7AT6h2sWg==&uniplatform=NZKPT&language=CHS""",2026-03-24 13:01:25
407,"""中国音乐""","""https://navi.cnki.net/knavi/detail?p=mK1ZVKSnEbTBlEigAHCIXUpjJgeLcKds2FDbyd6MbebPrz9QB-9EjJSf8kQ2OJ076WalTcOhnpou5K0BUxb3Kn3OI93p7O88XpH47r41LgZQaFppZRURcA==&uniplatform=NZKPT&language=CHS""",2026-03-24 13:01:25
289,"""理论探讨""","""https://navi.cnki.net/knavi/detail?p=mK1ZVKSnEbT-Dy-nQjLdkPGSm-eF37n8EPIsa37cXc0iHaOnq8O6kMeMc5lR8ex4sYTWQ_Tyx0GeyZ8Rvs1Ae3uqDa3gZdRO6MSCFqW_tIwLt15VeL9q4Q==&uniplatform=NZKPT&language=CHS""",2026-03-24 13:01:24
28,"""世界经济""","""https://navi.cnki.net/knavi/detail?p=mK1ZVKSnEbRJG4SSulEthcheG2UbZOFF1EuOcsFbrYAusy-9HiAWwfrML4waDBTiEfIh-8y32ACTqzpl4dfRPTOwGv7McQR7DAj079nr2zuJHjBWRLpfmw==&uniplatform=NZKPT&language=CHS""",2026-03-24 12:33:12
160,"""数学教育学报""","""https://navi.cnki.net/knavi/detail?p=mK1ZVKSnEbRnuHd9AKODIDPT1J-lyI4vwMYJrERqM1-jLk2Yq9yjsedXgBmoU9Q7ntcL9adxCs0QThmJo7nnDku8qFeLJ3Pl2UDqc8QTR_2N3ZFzEd0bbg==&uniplatform=NZKPT&language=CHS""",2026-03-24 12:30:40
12,"""中国人口·资源与环境""","""https://navi.cnki.net/knavi/detail?p=mK1ZVKSnEbSbzySrO9htG8JKNVMKulDF0vYLJIcjod0J2Z7yTd5o6e65Mo3aLcelKRdyQ5gJYpaO7joSnCbLSxdRNeEzu8KAbDkOFKsGIM9qBkWNh-0A0A==&uniplatform=NZKPT&language=CHS""",2026-03-24 12:30:40
6786,"""21世纪中学生作文(初中教师适用)""","""https://navi.cnki.net/knavi/detail?p=mK1ZVKSnEbQkJEUAL0o_TcbIq_KwTDI3v3DuPEZXVGYWeZKr_I9kYcYXMmIcP_SrtFF74FPaezXk9qV8kOLB2ZRLPQAjG0eVQdcIfOIwjKZI8VgMUwa2ZQ==&uniplatform=NZKPT&language=CHS""",2026-03-24 09:24:49
